{
    "cordova-plugin-whitelist": {
        "source": {
            "type": "registry",
            "id": "cordova-plugin-whitelist@1"
        },
        "is_top_level": true,
        "variables": {}
    },
    "cordova-plugin-network-information": {
        "source": {
            "type": "registry",
            "id": "cordova-plugin-network-information"
        },
        "is_top_level": true,
        "variables": {}
    },
    "cordova-plugin-file": {
        "source": {
            "type": "registry",
            "id": "cordova-plugin-file"
        },
        "is_top_level": true,
        "variables": {}
    },
    "com.phonegap.plugins.childbrowser": {
        "source": {
            "type": "git",
            "url": "https://github.com/alunny/ChildBrowser",
            "subdir": "."
        },
        "is_top_level": true,
        "variables": {}
    },
    "cordova-plugin-device": {
        "source": {
            "type": "registry",
            "id": "cordova-plugin-device"
        },
        "is_top_level": true,
        "variables": {}
    },
    "cordova-plugin-battery-status": {
        "source": {
            "type": "registry",
            "id": "cordova-plugin-battery-status"
        },
        "is_top_level": true,
        "variables": {}
    },
    "cordova-plugin-device-motion": {
        "source": {
            "type": "registry",
            "id": "cordova-plugin-device-motion"
        },
        "is_top_level": true,
        "variables": {}
    },
    "cordova-plugin-device-orientation": {
        "source": {
            "type": "registry",
            "id": "cordova-plugin-device-orientation"
        },
        "is_top_level": true,
        "variables": {}
    },
    "cordova-plugin-geolocation": {
        "source": {
            "type": "registry",
            "id": "cordova-plugin-geolocation"
        },
        "is_top_level": true,
        "variables": {}
    },
    "cordova-plugin-camera": {
        "source": {
            "type": "registry",
            "id": "cordova-plugin-camera"
        },
        "is_top_level": true,
        "variables": {}
    },
    "cordova-plugin-media-capture": {
        "source": {
            "type": "registry",
            "id": "cordova-plugin-media-capture"
        },
        "is_top_level": true,
        "variables": {}
    },
    "cordova-plugin-media": {
        "source": {
            "type": "registry",
            "id": "cordova-plugin-media"
        },
        "is_top_level": true,
        "variables": {}
    },
    "cordova-plugin-file-transfer": {
        "source": {
            "type": "registry",
            "id": "cordova-plugin-file-transfer"
        },
        "is_top_level": true,
        "variables": {}
    },
    "cordova-plugin-dialogs": {
        "source": {
            "type": "registry",
            "id": "cordova-plugin-dialogs"
        },
        "is_top_level": true,
        "variables": {}
    },
    "cordova-plugin-vibration": {
        "source": {
            "type": "registry",
            "id": "cordova-plugin-vibration"
        },
        "is_top_level": true,
        "variables": {}
    },
    "cordova-plugin-contacts": {
        "source": {
            "type": "registry",
            "id": "cordova-plugin-contacts"
        },
        "is_top_level": true,
        "variables": {}
    },
    "cordova-plugin-globalization": {
        "source": {
            "type": "registry",
            "id": "cordova-plugin-globalization"
        },
        "is_top_level": true,
        "variables": {}
    },
    "cordova-plugin-splashscreen": {
        "source": {
            "type": "registry",
            "id": "cordova-plugin-splashscreen"
        },
        "is_top_level": true,
        "variables": {}
    },
    "cordova-plugin-inappbrowser": {
        "source": {
            "type": "registry",
            "id": "cordova-plugin-inappbrowser"
        },
        "is_top_level": true,
        "variables": {}
    },
    "cordova-plugin-console": {
        "source": {
            "type": "registry",
            "id": "cordova-plugin-console"
        },
        "is_top_level": true,
        "variables": {}
    }
}